dist/assets/images/11162449_289900504467654_6375089550006994503_n.jpg	960x960	59KB
dist/assets/images/11902248_305768759547495_5125138682043663306_n.jpg	206x206	9KB
dist/assets/images/12_2000px-1024x682.jpg	1024x682	162KB
dist/assets/images/13_2000px-1024x682.jpg	1024x682	115KB
dist/assets/images/15_2000px-1024x682.jpg	1024x682	146KB
dist/assets/images/20190622_172342_2000px-1024x498.jpg	1024x498	77KB
dist/assets/images/20190622_174155_2000px-498x1024.jpg	498x1024	95KB
dist/assets/images/20190626_141712_2000px-1024x498.jpg	1024x498	69KB
dist/assets/images/2019trip-hatian-boy.jpg	1024x698	183KB
dist/assets/images/2019trip-mission-group1.jpg	1024x682	242KB
dist/assets/images/2019trip_village-on-hill.jpg	1024x682	213KB
dist/assets/images/24_2000px-1024x682.jpg	1024x682	194KB
dist/assets/images/26_2000px-1024x682.jpg	1024x682	207KB
dist/assets/images/27_2000px-1024x682.jpg	1024x682	209KB
dist/assets/images/30_2000px-1024x682.jpg	1024x682	135KB
dist/assets/images/340227655_771937411217502_5722837334289196116_n.jpg	540x414	37KB
dist/assets/images/3606.jpg	5556x5556	1755KB
dist/assets/images/36410196_761460247311675_6963620756940914688_n.jpg	2048x1152	649KB
dist/assets/images/38_2000px-683x1024.jpg	683x1024	147KB
dist/assets/images/42_2000px-1024x785.jpg	1024x785	116KB
dist/assets/images/48_2000px-1024x682.jpg	1024x682	170KB
dist/assets/images/52_2000px-683x1024.jpg	683x1024	176KB
dist/assets/images/57_2000px-1024x682.jpg	1024x682	210KB
dist/assets/images/58_2000px-1024x682.jpg	1024x682	215KB
dist/assets/images/5_2000px-1024x682.jpg	1024x682	146KB
dist/assets/images/8_2000px-1024x682.jpg	1024x682	232KB
dist/assets/images/9_2000px-1024x729.jpg	1024x729	83KB
dist/assets/images/Flag_of_Haiti.svg.png	1920x1152	95KB
dist/assets/images/Haitian_Revolution.webp	1100x814	191KB
dist/assets/images/IMG_1010_2000px-768x1024.jpg	768x508	137KB
dist/assets/images/IMG_1809_2000px-1024x767.jpg	1024x767	144KB
dist/assets/images/IMG_20180622_151700_2000px-576x1024.jpg	576x1024	197KB
dist/assets/images/IMG_20180623_094702_2000px-1024x576.jpg	1024x576	192KB
dist/assets/images/IMG_20180624_204921_2000px-1024x576.jpg	1024x576	99KB
dist/assets/images/IMG_3610_2000px-768x1024.jpg	768x1024	169KB
dist/assets/images/IMG_3627_2000px-1024x768.jpg	1024x768	151KB
dist/assets/images/Jovenel_Moise.jpg	413x607	35KB
dist/assets/images/Merced_Sun-Star_-_Killing_of_Haitians_is_Admitted.jpg	355x533	88KB
dist/assets/images/PIXNIO-43963-725x483.jpeg	725x483	108KB
dist/assets/images/PIXNIO-44259-725x481.jpeg	725x481	114KB
dist/assets/images/PIXNIO-45667-408x544.jpeg	408x544	51KB
dist/assets/images/PIXNIO-45669-364x544.jpeg	364x544	41KB
dist/assets/images/PIXNIO-45818-1536x1028.jpeg	1536x1028	180KB
dist/assets/images/PIXNIO-46212-725x544.jpeg	725x544	82KB
dist/assets/images/PIXNIO-46240-725x544.jpeg	725x544	101KB
dist/assets/images/PIXNIO-46244-725x544.jpeg	725x544	92KB
dist/assets/images/PIXNIO-46318-725x544.jpeg	725x544	98KB
dist/assets/images/across-in-arms.jpg	480x360	25KB
dist/assets/images/air-supply-60578_1920.jpg	1920x1267	478KB
dist/assets/images/bailey-torres-JBoY-wEkpOs-unsplash.jpg	2400x1600	343KB
dist/assets/images/basket-1024x731.jpg	1024x731	199KB
dist/assets/images/bill-hamway-madam-felix.jpg	5760x3840	2226KB
dist/assets/images/bus-group-1024x576.jpg	1024x576	179KB
dist/assets/images/case-study.jpg	400x500	39KB
dist/assets/images/center-half-1024x576.jpg	1024x576	161KB
dist/assets/images/chair-ministry.jpg	498x1024	95KB
dist/assets/images/citadel-la-ferriere_1920.jpg	1920x1280	735KB
dist/assets/images/classroom-1024x576.jpg	1024x576	112KB
dist/assets/images/classroom-1024x682.jpg	1024x682	185KB
dist/assets/images/classroom-vertical2000px1024.jpg	498x1024	101KB
dist/assets/images/claudia-altamimi-land.jpg	2400x1384	604KB
dist/assets/images/construct-1024x768.jpg	1024x768	224KB
dist/assets/images/country-vector_1920.png	1920x1453	92KB
dist/assets/images/couple-horizon.jpg	1024x682	98KB
dist/assets/images/drinking-water.jpg	2400x1600	338KB
dist/assets/images/fence_1280.jpg	1280x1104	310KB
dist/assets/images/flag-2526423_1920.jpg	1920x1440	1279KB
dist/assets/images/haiti-2573520_1920.jpg	1920x1252	1162KB
dist/assets/images/haiti-5323242.png	1920x1469	211KB
dist/assets/images/haiti-5860395_1920.png	1920x1409	283KB
dist/assets/images/haiti-5978375_1920.jpg	1920x1280	766KB
dist/assets/images/haiti-6487330_640.png	640x640	445KB
dist/assets/images/haiti-heal_1920.jpg	1920x1280	498KB
dist/assets/images/haiti-kids.jpg	676x460	53KB
dist/assets/images/haiti_rel99.jpg	1530x1096	175KB
dist/assets/images/heather-suggitt.jpg	2400x1600	1038KB
dist/assets/images/helping-people-1599806_1920.jpg	1920x1272	906KB
dist/assets/images/home-team-1024x512.jpg	1024x512	95KB
dist/assets/images/hoover_report.jpg	1024x793	266KB
dist/assets/images/hotel-haiti-1024x682.jpg	1024x682	177KB
dist/assets/images/hsmission__project-screenshot.png	1252x879	1097KB
dist/assets/images/joe-coffee.jpg	720x960	82KB
dist/assets/images/joseph-kristine1.jpg	2048x1834	216KB
dist/assets/images/left-behind-1024x891.jpg	1024x891	111KB
dist/assets/images/lesson-768x1024.jpg	768x1024	128KB
dist/assets/images/mother-2427504_1920.jpg	1920x1275	714KB
dist/assets/images/natural-disasters_cover.jpeg	6432x4272	3126KB
dist/assets/images/our-story_cover.jpg	1024x682	105KB
dist/assets/images/pelerin-construction-1024x768.jpg	1024x768	188KB
dist/assets/images/pelerin-construction-2.jpg	768x1024	158KB
dist/assets/images/petionville-reynaldo-mirault.jpg	2400x1600	1497KB
dist/assets/images/pexels-deva-darshan-nyau-1446504.jpg	1280x986	202KB
dist/assets/images/pexels-kelly-2898214.jpg	1920x1439	945KB
dist/assets/images/pexels-kelly-3030316.jpg	1280x668	110KB
dist/assets/images/pexels-levi-rotich-5954810.jpg	1280x1600	430KB
dist/assets/images/pexels-ouya-obunga-16566547.jpg	1280x855	237KB
dist/assets/images/pexels-pexels-boss-5742575.jpg	1280x853	298KB
dist/assets/images/pexels-safari-consoler-18304115.jpg	1280x853	330KB
dist/assets/images/school-bus-1024x576.jpg	1024x576	182KB
dist/assets/images/school-supplies-1024x576.jpg	1024x576	111KB
dist/assets/images/schoolyard-snack_2000px-768x1024.jpg	768x1024	211KB
dist/assets/images/small-boy.jpg	1024x682	99KB
dist/assets/images/small-girl-1024x682.jpg	1024x682	134KB
dist/assets/images/susan-mohr-_jIu-3G4szI-unsplash.jpg	2400x1800	1316KB
dist/assets/images/sweet-sensation-cookie-display.jpg	660x1104	511KB
dist/assets/images/topsphere-media-2400.jpg	2400x1350	314KB
dist/assets/images/topsphere-media-MEGAHD.jpg	16000x9000	6163KB
dist/assets/images/topsphere-media-MHhV4igCcYE-unsplash.jpg	2400x1350	273KB
dist/assets/images/topsphere-media-boy-zoom.jpg	2400x1350	393KB
dist/assets/images/topsphere-media-dpmEl59lvAY-unsplash.jpg	2400x1416	470KB
dist/assets/images/topsphere-media-gathering.jpg	2400x1350	603KB
dist/assets/images/topsphere-media-highlighter.jpg	2400x1350	420KB
dist/assets/images/usmc-1915_1619px.jpg	1619x1080	473KB
dist/assets/images/wells-to-wellness_cover.jpg	1920x981	419KB
dist/assets/images/zach-vessels-mother-child.jpg	2400x1350	477KB
dist/assets/images/zach-vessels-rWEUBzbp2rc-unsplash.jpg	2400x1350	453KB
dist/assets/images/zach-vessels-school-girls.jpg	2400x1350	423KB
dist/assets/images/zach-vessels-schoolboy1.jpg	2400x1350	310KB
dist/assets/logos/Logo-White.png	237x248	36KB
dist/assets/logos/zeffy.svg	?	3KB
